z Employment Rate,z Individual Income Normalized,z Fraction Married,z Incarceration Rate,z Number of Children Normalized
1.452573548,4.663320444,3.496427106,6.154815479,2.978033816
1.362837715,4.391809308,3.356959785,5.579369539,2.798635486
1.164762278,3.976357341,3.002524036,4.562748378,2.763094307
1.120988701,3.876137789,2.770777585,4.31338847,2.737707751
1.087064179,3.833414713,2.521204483,4.054437797,2.617544719
1.075026445,3.418162387,2.349229741,3.776305593,2.583695977
1.070649087,3.232895965,2.340840729,3.258404247,2.556616984
1.069554748,3.061604381,2.293652538,3.210450419,2.539692613
1.06517739,2.931239107,2.267436876,3.133724293,2.52446068
1.053139656,2.903489072,2.133212687,3.066588934,2.404297647
1.030158528,2.901692307,2.13216406,2.980272043,2.394143025
1.0071774,2.805864847,2.109094278,2.932318214,2.390758151
0.992950988,2.695663268,2.09651076,2.913136683,2.319675794
0.986384951,2.661724376,2.073440977,2.87477362,2.316290919
0.980913254,2.640762119,2.065051966,2.836410558,2.309521171
0.946988732,2.624790876,2.053517074,2.817229026,2.294289237
0.946988732,2.60762179,2.041982183,2.72132137,2.257055622
0.939328356,2.5155875,2.031495918,2.692549073,2.240131251
0.939328356,2.509797924,2.001085751,2.673367541,2.238438814
0.936045337,2.447110794,1.979064595,2.625413713,2.180895953
0.933856659,2.431339192,1.972772836,2.596641416,2.140277464
0.932762319,2.418961478,1.955994812,2.577459885,2.136892589
0.932762319,2.382626899,1.95075168,2.548687588,2.135200152
0.929479301,2.380630494,1.926633271,2.539096822,2.114890907
0.915252888,2.371247389,1.919292885,2.481552228,2.114890907
0.913064209,2.303768886,1.915098379,2.318509212,2.111506033
0.913064209,2.303369605,1.901466235,2.29932768,2.0962741
0.901026476,2.29438578,1.871056067,2.260964618,2.089504351
0.898837797,2.275220288,1.860569803,2.251373852,2.065810232
0.895554779,2.236090742,1.856375297,2.241783086,2.040423676
0.890083081,2.234493618,1.852180791,2.222601555,2.033653928
0.885705724,2.226108715,1.852180791,2.193829258,2.016729557
0.885705724,2.164020507,1.849034911,2.174647727,2.009959809
0.883517045,2.162423382,1.843791779,2.155466195,1.984573253
0.878045348,2.145653577,1.830159635,2.136284664,1.981188378
0.869290632,2.086959258,1.818624744,2.136284664,1.971033756
0.869290632,2.077576152,1.816527491,2.069149304,1.971033756
0.866007614,2.077176871,1.778776938,2.040377007,1.959186696
0.866007614,2.06939089,1.76304754,2.040377007,1.955801822
0.860535917,2.057612098,1.755707155,2.021195476,1.952416948
0.85506422,2.049826117,1.755707155,1.963650882,1.940569889
0.846309504,2.047630071,1.753609902,1.954060116,1.938877452
0.841932146,2.010097649,1.743123637,1.925287819,1.921953081
0.83427177,2.00670376,1.739977758,1.906106288,1.91687577
0.830988752,1.995923171,1.735783252,1.896515522,1.910106021
0.830988752,1.988935752,1.72739424,1.877333991,1.901643836
0.829894413,1.985741503,1.722151108,1.877333991,1.871179969
0.826611394,1.976757679,1.710616217,1.867743225,1.859332909
0.823328376,1.972165946,1.708518964,1.85815246,1.854255598
0.818951018,1.970169541,1.706421711,1.829380163,1.845793412
0.817856679,1.936829571,1.699081325,1.829380163,1.827176605
0.815668,1.910477019,1.699081325,1.819789397,1.813637108
0.815668,1.904088522,1.698032699,1.810198631,1.803482486
0.814573661,1.902890679,1.682303302,1.781426334,1.779788366
0.786120836,1.897899665,1.657136266,1.771835569,1.769633744
0.782837817,1.887717998,1.641406869,1.762244803,1.759479122
0.782837817,1.885721592,1.629871978,1.762244803,1.744247188
0.780649138,1.845394203,1.62043434,1.762244803,1.739169877
0.776271781,1.827626195,1.61728846,1.762244803,1.739169877
0.774083102,1.808859984,1.615191207,1.762244803,1.732400128
0.772988762,1.806464297,1.613093954,1.762244803,1.72563038
0.771894423,1.784903119,1.607850822,1.752654037,1.715475758
0.771894423,1.780511027,1.593170051,1.752654037,1.715475758
0.764234047,1.7631423,1.584781039,1.733472506,1.710398446
0.762045368,1.73020161,1.582683786,1.72388174,1.701936261
0.762045368,1.713032524,1.580586533,1.72388174,1.69685895
0.759856689,1.7114354,1.568003016,1.72388174,1.693474076
0.753290653,1.710636837,1.558565377,1.704700209,1.669779957
0.752196313,1.690473143,1.556468124,1.695109443,1.666395082
0.750007634,1.689874221,1.554370871,1.695109443,1.666395082
0.745630277,1.665518075,1.534446968,1.666337146,1.661317771
0.745630277,1.638965883,1.530252463,1.666337146,1.654548023
0.743441598,1.616007221,1.515571692,1.666337146,1.651163149
0.73906424,1.609019802,1.504036801,1.666337146,1.642700963
0.736875561,1.601233821,1.502988174,1.656746381,1.629161467
0.735781222,1.579473002,1.501939548,1.656746381,1.608852222
0.735781222,1.570089896,1.494599162,1.647155615,1.602082474
0.735781222,1.548728358,1.491453283,1.637564849,1.583465666
0.732498203,1.548728358,1.473626633,1.599201787,1.576695917
0.732498203,1.54194058,1.472578006,1.580020255,1.566541295
0.731403864,1.53834705,1.470480753,1.580020255,1.556386672
0.725932167,1.518782277,1.469432127,1.57042949,1.544539613
0.723743488,1.515388388,1.458945862,1.57042949,1.544539613
0.723743488,1.507203126,1.455799983,1.560838724,1.536077428
0.71936613,1.506404564,1.448459597,1.551247958,1.532692553
0.71936613,1.500215707,1.446362344,1.541657193,1.531000116
0.718271791,1.472266031,1.426438441,1.541657193,1.520845494
0.718271791,1.454298382,1.422243935,1.541657193,1.519153057
0.713894433,1.454098742,1.419098056,1.532066427,1.51746062
0.713894433,1.448708447,1.411757671,1.532066427,1.510690871
0.713894433,1.443118512,1.409660418,1.532066427,1.503921123
0.710611415,1.430541158,1.401271406,1.522475661,1.502228686
0.709517075,1.428345112,1.391833768,1.522475661,1.492074064
0.707328397,1.407981777,1.390785141,1.522475661,1.488689189
0.705139718,1.406584293,1.385542009,1.512884896,1.488689189
0.704045378,1.400994358,1.384493382,1.50329413,1.475149693
0.701856699,1.388017723,1.384493382,1.50329413,1.473457256
0.697479342,1.38721916,1.377152997,1.50329413,1.466687507
0.695290663,1.385222755,1.375055744,1.493703364,1.46499507
0.695290663,1.373643604,1.372958491,1.493703364,1.449763137
0.695290663,1.373643604,1.367715359,1.484112599,1.439608514
0.690913305,1.371247917,1.359326347,1.484112599,1.429453892
0.686535947,1.367854028,1.357229094,1.484112599,1.424376581
0.686535947,1.367255106,1.348840082,1.484112599,1.419299269
0.685441608,1.366256904,1.334159311,1.474521833,1.417606832
0.685441608,1.363661576,1.332062058,1.464931067,1.404067336
0.683252929,1.36126589,1.331013432,1.464931067,1.404067336
0.68215859,1.35028566,1.311089529,1.445749536,1.402374899
0.68106425,1.349686739,1.30479777,1.445749536,1.39560515
0.679969911,1.347091412,1.288019746,1.426568005,1.388835402
0.676686893,1.345095006,1.28697112,1.426568005,1.388835402
0.675592553,1.334314417,1.282776614,1.416977239,1.370218594
0.675592553,1.331120168,1.282776614,1.416977239,1.35498666
0.672309535,1.329523044,1.280679361,1.397795708,1.322830356
0.671215195,1.320938501,1.272290349,1.388204942,1.300828674
0.664649159,1.304368336,1.272290349,1.388204942,1.295751363
0.664649159,1.30217229,1.260755458,1.388204942,1.28559674
0.66246048,1.301373728,1.252366446,1.388204942,1.283904303
0.661366141,1.301174087,1.24817194,1.378614176,1.282211866
0.661366141,1.283605719,1.247123314,1.378614176,1.277134555
0.659177462,1.271028365,1.247123314,1.369023411,1.273749681
0.655894443,1.267035554,1.246074687,1.340251114,1.266979933
0.655894443,1.263042744,1.239782928,1.321069582,1.250055562
0.652611425,1.262443822,1.236637049,1.311478817,1.236516065
0.646045389,1.260447417,1.23349117,1.311478817,1.229746317
0.64276237,1.258251371,1.23349117,1.311478817,1.221284131
0.64276237,1.257452809,1.228248037,1.301888051,1.21620682
0.641668031,1.251862873,1.218810399,1.301888051,1.21620682
0.638385013,1.248069703,1.218810399,1.301888051,1.214514383
0.636196334,1.245873657,1.215664519,1.292297285,1.211129509
0.634007655,1.245674017,1.214615893,1.28270652,1.204359761
0.632913315,1.237688395,1.21251864,1.263524988,1.19928245
0.631818976,1.236490552,1.211470014,1.263524988,1.189127827
0.626347279,1.236091271,1.207275508,1.244343457,1.18743539
0.626347279,1.227307087,1.205178255,1.244343457,1.18743539
0.62306426,1.224312479,1.198886496,1.225161926,1.18743539
0.620875582,1.218722543,1.19469199,1.225161926,1.170511019
0.617592563,1.216127216,1.175816713,1.225161926,1.170511019
0.616498224,1.214729733,1.151698304,1.205980394,1.168818582
0.613215206,1.204548065,1.145406546,1.205980394,1.165433708
0.609932187,1.200954535,1.140163413,1.196389629,1.165433708
0.608837848,1.198758489,1.137017534,1.196389629,1.163741271
0.602271811,1.191970711,1.135968907,1.167617332,1.156971523
0.601177472,1.190772868,1.130725775,1.167617332,1.156971523
0.598988793,1.167414924,1.118142257,1.1484358,1.155279086
0.598988793,1.166217081,1.107655992,1.138845035,1.148509337
0.596800114,1.164021035,1.106607366,1.129254269,1.138354715
0.594611435,1.159030022,1.103461486,1.110072738,1.131584966
0.592422756,1.15463793,1.10241286,1.110072738,1.121430344
0.591328417,1.148648713,1.092975222,1.110072738,1.11804547
0.589139738,1.146851949,1.089829342,1.100481972,1.11804547
0.588045399,1.135272797,1.087732089,1.081300441,1.116353033
0.586951059,1.129283581,1.08458621,1.071709675,1.109583285
0.583668041,1.12908394,1.080391704,1.071709675,1.109583285
0.583668041,1.128085738,1.079343077,1.071709675,1.107890847
0.582573702,1.120299757,1.078294451,1.071709675,1.107890847
0.582573702,1.119501194,1.077245825,1.062118909,1.101121099
0.581479362,1.119501194,1.064662307,1.062118909,1.099428662
0.580385023,1.093947205,1.054176042,1.052528144,1.097736225
0.579290683,1.09215044,1.053127416,1.052528144,1.08927404
0.577102004,1.091351878,1.046835657,1.042937378,1.08927404
0.576007665,1.080770929,1.04578703,1.033346612,1.082504291
0.576007665,1.074781713,1.043689777,1.033346612,1.079119417
0.574913326,1.071787105,1.040543898,1.033346612,1.074042106
0.572724647,1.063601843,1.03110626,1.023755847,1.074042106
0.569441628,1.056814064,1.029009007,1.014165081,1.068964795
0.569441628,1.052421973,1.029009007,1.004574315,1.057117735
0.569441628,1.05162341,1.022717248,1.004574315,1.057117735
0.56725295,1.049427364,1.022717248,0.99498355,1.057117735
0.56615861,1.046033475,1.021668621,0.99498355,1.053732861
0.558498234,1.03665037,1.006987851,0.99498355,1.050347987
0.558498234,1.036450729,0.999647465,0.99498355,1.04865555
0.557403895,1.032457918,0.997550212,0.975802018,1.04865555
0.557403895,1.026269062,0.994404333,0.975802018,1.045270676
0.556309555,1.022875172,0.988112574,0.975802018,1.043578239
0.554120876,1.009299616,0.986015321,0.975802018,1.043578239
0.551932198,1.008501053,0.975529056,0.975802018,1.040193364
0.549743519,0.997321183,0.968188671,0.947029721,1.030038742
0.548649179,0.99612334,0.961896912,0.937438956,1.028346305
0.54755484,0.993528013,0.960848286,0.937438956,1.024961431
0.545366161,0.993528013,0.949313394,0.937438956,1.024961431
0.544271822,0.99233017,0.947216141,0.92784819,1.023268994
0.543177482,0.983545986,0.943021636,0.92784819,1.021576557
0.543177482,0.983346345,0.943021636,0.92784819,1.018191682
0.540988803,0.978954253,0.939875756,0.908666659,1.018191682
0.540988803,0.978355332,0.93882713,0.908666659,1.018191682
0.540988803,0.977157488,0.93882713,0.889485127,1.014806808
0.539894464,0.971567553,0.93882713,0.889485127,1.009729497
0.538800124,0.967774383,0.928340865,0.889485127,1.004652186
0.538800124,0.946612486,0.928340865,0.889485127,1.004652186
0.537705785,0.937628661,0.926243612,0.879894362,0.99619
0.535517106,0.932837288,0.924146359,0.870303596,0.984342941
0.535517106,0.92984268,0.914708721,0.86071283,0.974188318
0.535517106,0.924252745,0.906319709,0.86071283,0.964033696
0.534422767,0.921657418,0.906319709,0.851122065,0.960648822
0.533328427,0.911076469,0.904222456,0.851122065,0.953879074
0.533328427,0.909878626,0.903173829,0.841531299,0.953879074
0.532234088,0.905885815,0.902125203,0.841531299,0.952186636
0.52895107,0.904488331,0.898979323,0.831940533,0.952186636
0.52785673,0.901493723,0.895833444,0.822349768,0.950494199
0.525668051,0.899497318,0.892687565,0.822349768,0.947109325
0.521290694,0.898898396,0.87905542,0.822349768,0.947109325
0.519102015,0.898099834,0.873812288,0.822349768,0.942032014
0.518007675,0.884324637,0.871715035,0.822349768,0.931877392
0.518007675,0.877936139,0.869617782,0.822349768,0.931877392
0.515818996,0.873344407,0.868569156,0.812759002,0.923415206
0.515818996,0.862963099,0.86437465,0.812759002,0.920030332
0.514724657,0.859369569,0.862277397,0.803168236,0.916645458
0.513630318,0.852981072,0.86122877,0.783986705,0.914953021
0.50925296,0.852581791,0.859131517,0.783986705,0.90987571
0.507064281,0.847990058,0.851791132,0.774395939,0.908183272
0.507064281,0.846392934,0.84340212,0.774395939,0.906490835
0.505969942,0.844596169,0.835013108,0.774395939,0.903105961
0.504875602,0.843597966,0.835013108,0.764805174,0.903105961
0.504875602,0.840603358,0.833964482,0.764805174,0.886181591
0.504875602,0.836011626,0.824526844,0.764805174,0.881104279
0.503781263,0.831220253,0.821380964,0.764805174,0.877719405
0.500498244,0.828425285,0.817186458,0.755214408,0.877719405
0.499403905,0.816446853,0.815089205,0.755214408,0.876026968
0.499403905,0.812653682,0.814040579,0.755214408,0.874334531
0.499403905,0.812254401,0.808797446,0.755214408,0.872642094
0.499403905,0.806265185,0.808797446,0.755214408,0.870949657
0.498309565,0.793687831,0.80774882,0.755214408,0.86925722
0.497215226,0.790493582,0.804602941,0.745623642,0.855717723
0.496120887,0.787898255,0.799359808,0.745623642,0.855717723
0.495026547,0.78230832,0.796213929,0.726442111,0.850640412
0.495026547,0.778115869,0.795165302,0.726442111,0.848947975
0.492837868,0.776518744,0.793068049,0.726442111,0.845563101
0.492837868,0.764540312,0.78992217,0.716851345,0.843870664
0.492837868,0.764340671,0.788873543,0.716851345,0.842178227
0.492837868,0.758750736,0.788873543,0.70726058,0.838793352
0.492837868,0.754957566,0.787824917,0.70726058,0.835408478
0.491743529,0.753959363,0.783630411,0.70726058,0.835408478
0.487366171,0.751563677,0.776290026,0.70726058,0.832023604
0.486271832,0.747970147,0.77209552,0.697669814,0.832023604
0.486271832,0.746173382,0.771046893,0.697669814,0.832023604
0.484083153,0.744376617,0.767901014,0.697669814,0.82863873
0.482988813,0.741980931,0.766852387,0.678488283,0.821868982
0.482988813,0.740982728,0.764755134,0.678488283,0.820176545
0.478611456,0.738587042,0.760560629,0.678488283,0.818484107
0.478611456,0.737588839,0.757414749,0.678488283,0.81679167
0.478611456,0.735991715,0.749025737,0.668897517,0.808329485
0.477517116,0.734594231,0.741685352,0.668897517,0.804944611
0.476422777,0.731000701,0.738539473,0.659306751,0.784635366
0.475328437,0.728205733,0.735393593,0.659306751,0.782942929
0.475328437,0.722216517,0.724907328,0.649715986,0.781250492
0.475328437,0.720220112,0.721761449,0.649715986,0.772788306
0.474234098,0.717624785,0.720712822,0.649715986,0.771095869
0.473139759,0.717425144,0.719664196,0.64012522,0.764326121
0.472045419,0.716826223,0.71546969,0.64012522,0.764326121
0.468762401,0.707243477,0.713372437,0.630534454,0.754171499
0.468762401,0.706245274,0.708129305,0.620943689,0.749094187
0.468762401,0.695265044,0.700788919,0.620943689,0.74740175
0.467668061,0.69366792,0.691351281,0.611352923,0.74740175
0.466573722,0.692070795,0.690302655,0.611352923,0.745709313
0.466573722,0.684883736,0.690302655,0.611352923,0.744016876
0.463290704,0.684883736,0.685059522,0.611352923,0.742324439
0.463290704,0.680890925,0.680865016,0.601762157,0.740632002
0.462196364,0.67530099,0.678767763,0.601762157,0.727092505
0.461102025,0.672106741,0.678767763,0.601762157,0.725400068
0.460007685,0.667315368,0.675621884,0.601762157,0.725400068
0.458913346,0.663522198,0.674573257,0.601762157,0.723707631
0.457819007,0.662523995,0.673524631,0.601762157,0.716937883
0.456724667,0.661525793,0.671427378,0.592171392,0.70678326
0.455630328,0.660327949,0.670378752,0.582580626,0.701705949
0.455630328,0.657932263,0.669330125,0.563399095,0.701705949
0.455630328,0.654538374,0.663038366,0.563399095,0.698321075
0.454535988,0.651144484,0.66198974,0.563399095,0.694936201
0.454535988,0.650745203,0.659892487,0.563399095,0.693243764
0.453441649,0.650345922,0.657795234,0.553808329,0.688166453
0.45125297,0.647550955,0.653600728,0.553808329,0.686474016
0.449064291,0.635971803,0.651503475,0.553808329,0.679704267
0.447969952,0.632378274,0.648357596,0.544217563,0.679704267
0.447969952,0.629782947,0.647308969,0.544217563,0.67801183
0.444686933,0.617604874,0.646260343,0.544217563,0.672934519
0.441403915,0.617405233,0.64416309,0.534626798,0.669549645
0.441403915,0.613212782,0.639968584,0.534626798,0.667857208
0.440309576,0.612414219,0.639968584,0.534626798,0.666164771
0.438120897,0.612414219,0.639968584,0.525036032,0.664472334
0.438120897,0.610018533,0.638919957,0.525036032,0.662779897
0.437026557,0.609419611,0.637871331,0.525036032,0.656010148
0.433743539,0.606225363,0.637871331,0.525036032,0.654317711
0.4326492,0.605626441,0.630530945,0.515445266,0.652625274
0.427177503,0.602831473,0.62633644,0.515445266,0.640778215
0.424988824,0.59784046,0.622141934,0.505854501,0.63739334
0.424988824,0.596642617,0.620044681,0.505854501,0.635700903
0.423894484,0.58686023,0.618996054,0.496263735,0.634008466
0.423894484,0.582468138,0.618996054,0.496263735,0.632316029
0.423894484,0.578475327,0.618996054,0.496263735,0.630623592
0.422800145,0.574282876,0.617947428,0.496263735,0.630623592
0.421705805,0.570888987,0.615850175,0.486672969,0.627238718
0.421705805,0.56470013,0.613752922,0.486672969,0.625546281
0.421705805,0.564101208,0.613752922,0.486672969,0.625546281
0.420611466,0.560507679,0.612704295,0.477082204,0.622161407
0.417328448,0.558511273,0.610607042,0.477082204,0.622161407
0.417328448,0.555915946,0.609558416,0.477082204,0.62046897
0.416234108,0.550126371,0.609558416,0.477082204,0.613699221
0.415139769,0.550126371,0.608509789,0.457900672,0.612006784
0.415139769,0.548329606,0.603266657,0.457900672,0.601852162
0.415139769,0.5463332,0.598023525,0.457900672,0.591697539
0.41295109,0.54613356,0.596974898,0.448309907,0.590005102
0.410762411,0.5389465,0.596974898,0.448309907,0.590005102
0.410762411,0.53535297,0.595926272,0.448309907,0.573080732
0.409668072,0.534754049,0.593829019,0.448309907,0.571388294
0.409668072,0.530561597,0.591731766,0.438719141,0.56800342
0.406385053,0.528365552,0.58753726,0.438719141,0.564618546
0.406385053,0.525770224,0.586488633,0.438719141,0.561233672
0.406385053,0.524572381,0.585440007,0.429128375,0.557848798
0.406385053,0.523174897,0.585440007,0.429128375,0.556156361
0.406385053,0.521777414,0.582294127,0.429128375,0.554463924
0.405290714,0.518583165,0.582294127,0.41953761,0.552771487
0.405290714,0.515189276,0.576002369,0.41953761,0.55107905
0.405290714,0.509000419,0.571807863,0.409946844,0.544309301
0.404196375,0.507802576,0.571807863,0.409946844,0.542616864
0.402007696,0.504807968,0.568661983,0.400356078,0.542616864
0.400913356,0.502811562,0.563418851,0.390765313,0.53923199
0.399819017,0.50181336,0.562370224,0.390765313,0.53923199
0.398724677,0.498818751,0.562370224,0.390765313,0.53923199
0.397630338,0.496023784,0.560272971,0.390765313,0.535847116
0.397630338,0.493827738,0.558175719,0.390765313,0.532462242
0.397630338,0.493628097,0.558175719,0.390765313,0.529077368
0.39434732,0.493228816,0.549786707,0.371583781,0.525692493
0.39325298,0.491232411,0.539300442,0.371583781,0.524000056
0.392158641,0.49083313,0.536154563,0.371583781,0.515537871
0.392158641,0.490633489,0.536154563,0.361993016,0.512152997
0.391064301,0.489236005,0.531960057,0.361993016,0.508768123
0.387781283,0.474861886,0.526716924,0.361993016,0.507075686
0.385592604,0.471268357,0.523571045,0.361993016,0.501998374
0.385592604,0.469471592,0.523571045,0.35240225,0.501998374
0.384498265,0.463881657,0.521473792,0.35240225,0.493536189
0.383403925,0.453699989,0.518327912,0.35240225,0.491843752
0.382309586,0.449307897,0.505744395,0.35240225,0.488458878
0.380120907,0.448908616,0.498404009,0.35240225,0.476611818
0.377932228,0.44671257,0.497355383,0.35240225,0.476611818
0.376837889,0.442520119,0.49525813,0.342811484,0.474919381
0.375743549,0.442320478,0.494209503,0.342811484,0.474919381
0.372460531,0.437928386,0.494209503,0.342811484,0.473226944
0.371366192,0.437928386,0.493160877,0.333220719,0.471534507
0.371366192,0.437129824,0.490014998,0.333220719,0.46984207
0.371366192,0.435333059,0.487917745,0.333220719,0.468149633
0.371366192,0.43173953,0.485820492,0.333220719,0.468149633
0.368083173,0.430142405,0.484771865,0.323629953,0.466457196
0.366988834,0.427946359,0.482674612,0.323629953,0.466457196
0.363705816,0.422356424,0.482674612,0.323629953,0.463072322
0.362611476,0.420160378,0.481625986,0.323629953,0.461379885
0.361517137,0.419761097,0.481625986,0.314039187,0.459687447
0.358234118,0.416566848,0.479528733,0.314039187,0.45799501
0.35604544,0.412174756,0.475334227,0.314039187,0.456302573
0.35604544,0.410777273,0.470091094,0.314039187,0.452917699
0.3549511,0.401394167,0.469042468,0.304448422,0.439378203
0.3549511,0.399397762,0.464847962,0.304448422,0.437685765
0.353856761,0.396403154,0.464847962,0.304448422,0.437685765
0.351668082,0.392609983,0.463799336,0.294857656,0.432608454
0.351668082,0.392410343,0.463799336,0.294857656,0.432608454
0.351668082,0.392210702,0.462750709,0.294857656,0.430916017
0.351668082,0.391811421,0.447021312,0.294857656,0.425838706
0.349479403,0.384824002,0.44177818,0.294857656,0.425838706
0.349479403,0.375840178,0.4386323,0.294857656,0.424146269
0.345102045,0.373244851,0.435486421,0.294857656,0.424146269
0.345102045,0.372645929,0.432340541,0.28526689,0.422453832
0.345102045,0.371847367,0.429194662,0.28526689,0.420761395
0.340724688,0.366457073,0.429194662,0.28526689,0.417376521
0.340724688,0.362863543,0.427097409,0.28526689,0.417376521
0.340724688,0.357872529,0.426048782,0.28526689,0.415684083
0.340724688,0.354877921,0.42080565,0.28526689,0.415684083
0.33634733,0.354079359,0.418708397,0.275676125,0.412299209
0.33634733,0.351683672,0.417659771,0.275676125,0.412299209
0.33634733,0.349487626,0.416611144,0.266085359,0.412299209
0.334158651,0.349088345,0.412416638,0.266085359,0.410606772
0.334158651,0.342300567,0.412416638,0.256494593,0.407221898
0.334158651,0.340304162,0.405076253,0.256494593,0.407221898
0.331969972,0.325730402,0.400881747,0.256494593,0.403837024
0.330875633,0.32133831,0.396687241,0.256494593,0.40045215
0.329781293,0.319142264,0.395638615,0.246903828,0.40045215
0.326498275,0.315149453,0.391444109,0.246903828,0.397067276
0.326498275,0.314949813,0.38200647,0.246903828,0.393682401
0.326498275,0.305766348,0.380957844,0.246903828,0.386912653
0.324309596,0.302572099,0.377811965,0.246903828,0.386912653
0.322120917,0.302572099,0.376763338,0.227722296,0.385220216
0.321026578,0.300974975,0.375714712,0.227722296,0.383527779
0.321026578,0.293787915,0.373617459,0.227722296,0.381835342
0.321026578,0.293588275,0.369422953,0.227722296,0.381835342
0.321026578,0.292989353,0.368374326,0.218131531,0.380142905
0.319932238,0.292590072,0.368374326,0.218131531,0.380142905
0.318837899,0.29179151,0.366277073,0.218131531,0.380142905
0.318837899,0.291392229,0.365228447,0.218131531,0.378450468
0.31774356,0.291192588,0.359985314,0.208540765,0.376758031
0.315554881,0.290992948,0.359985314,0.208540765,0.375065594
0.315554881,0.290194386,0.354742182,0.198949999,0.375065594
0.314460541,0.290194386,0.350547676,0.189359234,0.373373157
0.314460541,0.289994745,0.350547676,0.189359234,0.373373157
0.312271862,0.286001934,0.34949905,0.189359234,0.369988282
0.312271862,0.279413796,0.34635317,0.189359234,0.368295845
0.311177523,0.279214156,0.345304544,0.179768468,0.368295845
0.311177523,0.278814875,0.342158664,0.179768468,0.364910971
0.310083184,0.27701811,0.341110038,0.179768468,0.361526097
0.308988844,0.274422783,0.341110038,0.179768468,0.35983366
0.307894505,0.270629613,0.340061411,0.179768468,0.358141223
0.306800165,0.269032488,0.339012785,0.170177702,0.358141223
0.305705826,0.268832848,0.337964158,0.170177702,0.354756349
0.304611486,0.265638599,0.335866905,0.170177702,0.354756349
0.303517147,0.259649383,0.332721026,0.170177702,0.354756349
0.302422808,0.257852618,0.332721026,0.170177702,0.353063912
0.300234129,0.257652977,0.3316724,0.170177702,0.349679038
0.299139789,0.256854415,0.329575147,0.160586937,0.349679038
0.29804545,0.254259088,0.32852652,0.160586937,0.346294163
0.29695111,0.254059448,0.327477894,0.160586937,0.342909289
0.29695111,0.248868794,0.325380641,0.160586937,0.339524415
0.294762432,0.248269872,0.322234761,0.150996171,0.334447104
0.293668092,0.245874186,0.321186135,0.141405405,0.334447104
0.293668092,0.245674545,0.314894376,0.141405405,0.327677356
0.291479413,0.242480296,0.313845749,0.141405405,0.325984918
0.291479413,0.241082813,0.312797123,0.141405405,0.325984918
0.289290734,0.235093596,0.309651244,0.141405405,0.324292481
0.287102056,0.234494675,0.305456738,0.13181464,0.324292481
0.286007716,0.233097191,0.303359485,0.13181464,0.31921517
0.284913377,0.229902942,0.302310858,0.122223874,0.312445422
0.284913377,0.228705099,0.298116352,0.122223874,0.300598362
0.282724698,0.217125948,0.298116352,0.122223874,0.300598362
0.281630358,0.215928104,0.294970473,0.122223874,0.298905925
0.280536019,0.213732058,0.29287322,0.122223874,0.298905925
0.27944168,0.208142123,0.291824593,0.122223874,0.297213488
0.277253001,0.205147515,0.288678714,0.122223874,0.292136177
0.276158661,0.204149312,0.286581461,0.122223874,0.292136177
0.276158661,0.200555783,0.286581461,0.122223874,0.29044374
0.273969982,0.200356142,0.283435582,0.112633108,0.288751303
0.272875643,0.199158299,0.282386955,0.112633108,0.288751303
0.269592625,0.190973037,0.282386955,0.112633108,0.285366429
0.269592625,0.190573756,0.281338329,0.112633108,0.281981554
0.268498285,0.187978429,0.279241076,0.112633108,0.275211806
0.266309606,0.186580945,0.279241076,0.112633108,0.265057184
0.265215267,0.183985618,0.277143823,0.112633108,0.263364747
0.265215267,0.18119065,0.272949317,0.112633108,0.263364747
0.264120928,0.17739748,0.27190069,0.103042343,0.256594998
0.263026588,0.172606107,0.267706184,0.103042343,0.254902561
0.260837909,0.171807545,0.264560305,0.093451577,0.253210124
0.260837909,0.167215812,0.261414426,0.093451577,0.253210124
0.25974357,0.167016172,0.258268546,0.093451577,0.24982525
0.25974357,0.166816531,0.256171293,0.083860811,0.244747939
0.25864923,0.164021564,0.25407404,0.074270046,0.243055502
0.257554891,0.163223001,0.253025414,0.074270046,0.243055502
0.257554891,0.153041334,0.247782281,0.074270046,0.239670628
0.256460552,0.152242772,0.244636402,0.074270046,0.239670628
0.255366212,0.149248164,0.243587775,0.074270046,0.237978191
0.255366212,0.148848882,0.242539149,0.074270046,0.236285753
0.255366212,0.147651039,0.240441896,0.06467928,0.231208442
0.253177533,0.138467574,0.238344643,0.055088514,0.231208442
0.253177533,0.128086266,0.23624739,0.055088514,0.226131131
0.249894515,0.124093455,0.23624739,0.055088514,0.226131131
0.248800176,0.121897409,0.235198764,0.055088514,0.226131131
0.247705836,0.120100644,0.234150137,0.055088514,0.224438694
0.246611497,0.116906396,0.225761125,0.055088514,0.222746257
0.244422818,0.113512507,0.222615246,0.045497749,0.217668946
0.244422818,0.111516101,0.222615246,0.045497749,0.215976509
0.243328478,0.110318258,0.221566619,0.045497749,0.212591634
0.242234139,0.109120415,0.220517993,0.035906983,0.210899197
0.24004546,0.106125807,0.217372114,0.035906983,0.210899197
0.24004546,0.104927963,0.213177608,0.035906983,0.20920676
0.238951121,0.099338028,0.210031728,0.035906983,0.204129449
0.237856781,0.095145577,0.210031728,0.035906983,0.200744575
0.237856781,0.095145577,0.205837222,0.026316217,0.197359701
0.236762442,0.094147374,0.204788596,0.026316217,0.193974827
0.236762442,0.093548453,0.204788596,0.026316217,0.188897515
0.236762442,0.092949531,0.204788596,0.026316217,0.188897515
0.235668102,0.090154563,0.204788596,0.016725452,0.185512641
0.234573763,0.085762471,0.204788596,0.016725452,0.185512641
0.234573763,0.084364988,0.202691343,0.016725452,0.183820204
0.233479423,0.084165347,0.199545463,0.016725452,0.182127767
0.233479423,0.083965707,0.198496837,0.007134686,0.178742893
0.233479423,0.083366785,0.196399584,0.007134686,0.177050456
0.231290745,0.078974693,0.193253705,0.007134686,0.175358019
0.230196405,0.068393744,0.191156452,0.007134686,0.173665582
0.229102066,0.064201293,0.189059199,-0.00245608,0.170280708
0.228007726,0.060008842,0.189059199,-0.00245608,0.165203396
0.225819047,0.05561675,0.183816066,-0.00245608,0.158433648
0.225819047,0.055217469,0.180670187,-0.00245608,0.156741211
0.224724708,0.053620344,0.17962156,-0.00245608,0.1516639
0.224724708,0.051424298,0.175427054,-0.00245608,0.148279026
0.222536029,0.046632925,0.174378428,-0.00245608,0.148279026
0.22144169,0.046233644,0.173329802,-0.00245608,0.148279026
0.218158671,0.045235441,0.170183922,-0.00245608,0.146586588
0.215969993,0.04463652,0.157600404,-0.00245608,0.143201714
0.215969993,0.044037598,0.157600404,-0.012046845,0.143201714
0.213781314,0.04084335,0.157600404,-0.012046845,0.143201714
0.212686974,0.039246225,0.156551778,-0.012046845,0.138124403
0.211592635,0.038248023,0.155503151,-0.021637611,0.138124403
0.210498295,0.038248023,0.152357272,-0.021637611,0.138124403
0.209403956,0.030861323,0.150260019,-0.021637611,0.136431966
0.208309617,0.028465636,0.150260019,-0.021637611,0.136431966
0.208309617,0.026868512,0.150260019,-0.021637611,0.131354655
0.208309617,0.02626959,0.150260019,-0.031228377,0.131354655
0.207215277,0.025670668,0.149211393,-0.031228377,0.127969781
0.207215277,0.023274982,0.149211393,-0.040819142,0.122892469
0.207215277,0.02267606,0.148162766,-0.040819142,0.121200032
0.206120938,0.019282171,0.148162766,-0.040819142,0.119507595
0.205026598,0.018483609,0.145016887,-0.040819142,0.114430284
0.203932259,0.014091517,0.142919634,-0.040819142,0.112737847
0.203932259,0.012494393,0.139773754,-0.040819142,0.11104541
0.202837919,0.009499785,0.138725128,-0.050409908,0.107660536
0.20174358,0.008501582,0.138725128,-0.050409908,0.107660536
0.20174358,0.005506974,0.135579248,-0.050409908,0.107660536
0.20174358,0.004309131,0.133481995,-0.050409908,0.105968099
0.20174358,0.000915241,0.131384742,-0.050409908,0.105968099
0.20174358,0.000915241,0.120898478,-0.050409908,0.104275662
0.200649241,-0.00307757,0.117752598,-0.050409908,0.104275662
0.198460562,-0.004674694,0.116703972,-0.050409908,0.102583224
0.197366222,-0.008268224,0.114606719,-0.060000674,0.102583224
0.196271883,-0.008467864,0.112509466,-0.060000674,0.102583224
0.196271883,-0.010064988,0.110412213,-0.060000674,0.102583224
0.195177543,-0.011462472,0.109363586,-0.060000674,0.097505913
0.195177543,-0.015255643,0.097828695,-0.069591439,0.097505913
0.194083204,-0.018250251,0.095731442,-0.069591439,0.095813476
0.194083204,-0.019448094,0.093634189,-0.069591439,0.090736165
0.192988865,-0.023041624,0.092585563,-0.069591439,0.089043728
0.192988865,-0.029829402,0.092585563,-0.069591439,0.087351291
0.190800186,-0.030029043,0.084196551,-0.069591439,0.085658854
0.188611507,-0.031226886,0.084196551,-0.069591439,0.08227398
0.188611507,-0.038813226,0.081050672,-0.079182205,0.080581542
0.187517167,-0.039811429,0.081050672,-0.079182205,0.078889105
0.186422828,-0.04021071,0.074758913,-0.079182205,0.073811794
0.184234149,-0.042606397,0.074758913,-0.088772971,0.073811794
0.18204547,-0.043404959,0.073710286,-0.088772971,0.072119357
0.180951131,-0.04380424,0.07266166,-0.088772971,0.068734483
0.179856791,-0.045201724,0.071613033,-0.088772971,0.068734483
0.179856791,-0.045800645,0.070564407,-0.088772971,0.063657172
0.177668113,-0.046998489,0.067418527,-0.098363736,0.056887423
0.176573773,-0.048795253,0.066369901,-0.098363736,0.056887423
0.176573773,-0.053786267,0.061126769,-0.098363736,0.051810112
0.175479434,-0.061172967,0.061126769,-0.107954502,0.048425238
0.175479434,-0.061971529,0.057980889,-0.107954502,0.048425238
0.175479434,-0.064766497,0.056932263,-0.107954502,0.048425238
0.175479434,-0.067960745,0.055883636,-0.117545268,0.04165549
0.174385094,-0.072153197,0.055883636,-0.117545268,0.04165549
0.173290755,-0.073949962,0.05168913,-0.117545268,0.038270616
0.173290755,-0.076345648,0.050640504,-0.117545268,0.038270616
0.171102076,-0.077343851,0.050640504,-0.117545268,0.036578179
0.167819058,-0.081735943,0.047494624,-0.127136033,0.034885741
0.165630379,-0.082534505,0.044348745,-0.127136033,0.033193304
0.164536039,-0.082933786,0.043300118,-0.127136033,0.031500867
0.164536039,-0.083732348,0.043300118,-0.127136033,0.021346245
0.164536039,-0.083931989,0.040154239,-0.136726799,0.017961371
0.1634417,-0.085928394,0.038056986,-0.136726799,0.016268934
0.161253021,-0.08812444,0.034911107,-0.136726799,0.012884059
0.159064342,-0.088324081,0.030716601,-0.136726799,0.012884059
0.159064342,-0.088523721,0.029667974,-0.146317565,0.011191622
0.157970003,-0.089721564,0.026522095,-0.146317565,0.006114311
0.156875663,-0.090120846,0.025473468,-0.146317565,0.004421874
0.155781324,-0.092716173,0.025473468,-0.146317565,0.004421874
0.154686985,-0.094313297,0.024424842,-0.146317565,0.004421874
0.154686985,-0.098306108,0.021278962,-0.146317565,0.004421874
0.154686985,-0.10289784,0.020230336,-0.146317565,0.001037
0.153592645,-0.107289932,0.020230336,-0.146317565,0.001037
0.153592645,-0.108088494,0.019181709,-0.15590833,0.001037
0.151403966,-0.112680227,0.012889951,-0.15590833,-0.000655437
0.151403966,-0.114676632,0.010792698,-0.15590833,-0.002347874
0.151403966,-0.1174716,0.010792698,-0.15590833,-0.002347874
0.151403966,-0.123261175,0.009744071,-0.15590833,-0.005732748
0.148120948,-0.126056143,0.008695445,-0.15590833,-0.009117623
0.147026609,-0.130847516,0.008695445,-0.15590833,-0.012502497
0.147026609,-0.132843921,0.003452312,-0.15590833,-0.014194934
0.147026609,-0.134441046,0.001355059,-0.15590833,-0.014194934
0.147026609,-0.136836732,0.000306433,-0.165499096,-0.015887371
0.145932269,-0.140629902,-0.007033952,-0.165499096,-0.015887371
0.145932269,-0.149414086,-0.008082579,-0.175089862,-0.017579808
0.14483793,-0.151809773,-0.008082579,-0.175089862,-0.019272245
0.14374359,-0.152807976,-0.009131205,-0.175089862,-0.019272245
0.14374359,-0.155403303,-0.013325711,-0.175089862,-0.024349556
0.142649251,-0.157200067,-0.013325711,-0.175089862,-0.024349556
0.142649251,-0.159595754,-0.016471591,-0.175089862,-0.024349556
0.142649251,-0.159995035,-0.016471591,-0.175089862,-0.026041993
0.140460572,-0.161592159,-0.017520217,-0.184680627,-0.02773443
0.140460572,-0.162790003,-0.01961747,-0.194271393,-0.02773443
0.140460572,-0.166183892,-0.020666097,-0.194271393,-0.031119305
0.138271893,-0.167581376,-0.020666097,-0.194271393,-0.031119305
0.137177554,-0.168579578,-0.024860603,-0.194271393,-0.031119305
0.136083214,-0.169577781,-0.024860603,-0.194271393,-0.034504179
0.136083214,-0.170775624,-0.029055108,-0.194271393,-0.034504179
0.134988875,-0.172372749,-0.032200988,-0.194271393,-0.03958149
0.133894535,-0.173770232,-0.032200988,-0.203862159,-0.03958149
0.131705857,-0.174169513,-0.032200988,-0.203862159,-0.03958149
0.131705857,-0.17676484,-0.034298241,-0.203862159,-0.041273927
0.129517178,-0.176964481,-0.039541373,-0.203862159,-0.042966364
0.126234159,-0.177763043,-0.04059,-0.203862159,-0.042966364
0.124045481,-0.178960886,-0.041638626,-0.203862159,-0.046351238
0.124045481,-0.181156932,-0.042687253,-0.203862159,-0.046351238
0.124045481,-0.181755854,-0.043735879,-0.203862159,-0.048043675
0.120762462,-0.18774507,-0.044784506,-0.203862159,-0.051428549
0.120762462,-0.188343992,-0.046881759,-0.213452924,-0.058198298
0.119668123,-0.189342195,-0.048979012,-0.213452924,-0.059890735
0.118573783,-0.193734286,-0.048979012,-0.213452924,-0.061583172
0.116385105,-0.196728895,-0.048979012,-0.213452924,-0.063275609
0.116385105,-0.197327816,-0.050027638,-0.213452924,-0.064968046
0.115290765,-0.200522065,-0.051076264,-0.213452924,-0.075122668
0.115290765,-0.202917751,-0.052124891,-0.22304369,-0.081892417
0.114196426,-0.206112,-0.052124891,-0.22304369,-0.081892417
0.113102086,-0.212500497,-0.053173517,-0.22304369,-0.081892417
0.113102086,-0.2134987,-0.053173517,-0.22304369,-0.085277291
0.112007747,-0.213897981,-0.053173517,-0.22304369,-0.086969728
0.110913407,-0.214896184,-0.053173517,-0.22304369,-0.086969728
0.108724728,-0.215295465,-0.054222144,-0.22304369,-0.086969728
0.108724728,-0.218290073,-0.054222144,-0.232634456,-0.090354602
0.108724728,-0.221883603,-0.054222144,-0.232634456,-0.090354602
0.107630389,-0.222881806,-0.05527077,-0.232634456,-0.090354602
0.107630389,-0.224279289,-0.057368023,-0.232634456,-0.092047039
0.10653605,-0.224279289,-0.05841665,-0.232634456,-0.092047039
0.10653605,-0.226674976,-0.05841665,-0.242225221,-0.092047039
0.10544171,-0.228671381,-0.059465276,-0.242225221,-0.092047039
0.104347371,-0.234061676,-0.059465276,-0.242225221,-0.092047039
0.104347371,-0.236856643,-0.060513903,-0.242225221,-0.095431913
0.104347371,-0.237255924,-0.062611156,-0.242225221,-0.095431913
0.103253031,-0.237854846,-0.064708409,-0.242225221,-0.095431913
0.103253031,-0.241648016,-0.064708409,-0.242225221,-0.09712435
0.103253031,-0.251430403,-0.065757035,-0.242225221,-0.098816788
0.102158692,-0.254425011,-0.065757035,-0.251815987,-0.098816788
0.102158692,-0.255423214,-0.065757035,-0.251815987,-0.102201662
0.102158692,-0.256820698,-0.067854288,-0.251815987,-0.103894099
0.098875674,-0.257419619,-0.069951541,-0.251815987,-0.105586536
0.098875674,-0.259016744,-0.069951541,-0.251815987,-0.107278973
0.093403976,-0.2652056,-0.0762433,-0.251815987,-0.10897141
0.092309637,-0.270196614,-0.0762433,-0.251815987,-0.10897141
0.092309637,-0.271993379,-0.0762433,-0.261406753,-0.114048721
0.092309637,-0.276585111,-0.077291926,-0.261406753,-0.117433595
0.090120958,-0.278381876,-0.079389179,-0.261406753,-0.119126032
0.090120958,-0.278781157,-0.080437806,-0.261406753,-0.119126032
0.089026619,-0.280178641,-0.080437806,-0.261406753,-0.122510907
0.089026619,-0.28337289,-0.081486432,-0.270997519,-0.124203344
0.089026619,-0.28716606,-0.082535059,-0.270997519,-0.125895781
0.087932279,-0.290360308,-0.083583685,-0.270997519,-0.127588218
0.08683794,-0.293953838,-0.088826818,-0.270997519,-0.127588218
0.0857436,-0.295151681,-0.089875444,-0.270997519,-0.130973092
0.082460582,-0.296349525,-0.090924071,-0.280588284,-0.132665529
0.082460582,-0.29814629,-0.091972697,-0.280588284,-0.132665529
0.082460582,-0.298545571,-0.091972697,-0.280588284,-0.136050403
0.081366243,-0.299743414,-0.091972697,-0.280588284,-0.139435277
0.081366243,-0.305932271,-0.095118577,-0.280588284,-0.139435277
0.080271903,-0.307329755,-0.097215829,-0.29017905,-0.141127714
0.080271903,-0.307529395,-0.105604841,-0.29017905,-0.141127714
0.076988885,-0.308926879,-0.107702094,-0.29017905,-0.1495899
0.076988885,-0.310324363,-0.107702094,-0.299769816,-0.156359648
0.076988885,-0.311721846,-0.109799347,-0.299769816,-0.163129396
0.075894546,-0.315315376,-0.112945227,-0.299769816,-0.168206708
0.074800206,-0.315515017,-0.11504248,-0.299769816,-0.168206708
0.074800206,-0.321304592,-0.116091106,-0.309360581,-0.169899145
0.074800206,-0.324299201,-0.121334238,-0.309360581,-0.173284019
0.073705867,-0.327094168,-0.123431491,-0.309360581,-0.173284019
0.073705867,-0.329290214,-0.123431491,-0.309360581,-0.173284019
0.072611527,-0.330288417,-0.125528744,-0.309360581,-0.17836133
0.06823417,-0.331885541,-0.126577371,-0.309360581,-0.180053767
0.06823417,-0.336477274,-0.12972325,-0.309360581,-0.180053767
0.066045491,-0.337275836,-0.133917756,-0.318951347,-0.181746204
0.063856812,-0.339871163,-0.140209515,-0.318951347,-0.181746204
0.062762472,-0.342266849,-0.141258141,-0.318951347,-0.183438641
0.062762472,-0.34246649,-0.144404021,-0.318951347,-0.185131078
0.061668133,-0.344662536,-0.146501274,-0.328542113,-0.186823515
0.061668133,-0.34606002,-0.1475499,-0.328542113,-0.188515953
0.058385115,-0.34625966,-0.149647153,-0.338132878,-0.19020839
0.056196436,-0.354245282,-0.149647153,-0.338132878,-0.19020839
0.055102096,-0.354644563,-0.151744406,-0.338132878,-0.198670575
0.055102096,-0.355243484,-0.152793033,-0.338132878,-0.198670575
0.055102096,-0.355443125,-0.153841659,-0.347723644,-0.200363012
0.052913418,-0.356241687,-0.158036165,-0.347723644,-0.202055449
0.052913418,-0.358637374,-0.159084792,-0.347723644,-0.202055449
0.052913418,-0.361232701,-0.163279298,-0.35731441,-0.203747886
0.051819078,-0.361631982,-0.16537655,-0.35731441,-0.203747886
0.050724739,-0.361831622,-0.16537655,-0.35731441,-0.20713276
0.050724739,-0.364027668,-0.166425177,-0.35731441,-0.20713276
0.050724739,-0.367421557,-0.166425177,-0.35731441,-0.20713276
0.050724739,-0.369817244,-0.167473803,-0.35731441,-0.208825197
0.049630399,-0.370815447,-0.16852243,-0.35731441,-0.210517635
0.049630399,-0.371214728,-0.169571056,-0.366905175,-0.212210072
0.04853606,-0.376205741,-0.172716936,-0.366905175,-0.224057131
0.04853606,-0.376605022,-0.175862815,-0.366905175,-0.224057131
0.046347381,-0.376804663,-0.177960068,-0.366905175,-0.225749568
0.046347381,-0.377802866,-0.179008695,-0.366905175,-0.225749568
0.043064363,-0.378601428,-0.181105948,-0.376495941,-0.232519317
0.043064363,-0.379000709,-0.181105948,-0.376495941,-0.234211754
0.041970023,-0.380198552,-0.183203201,-0.376495941,-0.234211754
0.041970023,-0.380797474,-0.18634908,-0.376495941,-0.235904191
0.041970023,-0.382793879,-0.18634908,-0.376495941,-0.237596628
0.041970023,-0.387185971,-0.187397706,-0.376495941,-0.239289065
0.038687005,-0.388982736,-0.190543586,-0.386086707,-0.239289065
0.035403987,-0.391578063,-0.190543586,-0.386086707,-0.246058813
0.035403987,-0.393774109,-0.192640839,-0.386086707,-0.251136124
0.034309647,-0.39417339,-0.195786718,-0.386086707,-0.251136124
0.033215308,-0.394971952,-0.197883971,-0.386086707,-0.252828561
0.02993229,-0.395371233,-0.197883971,-0.386086707,-0.256213436
0.02993229,-0.397567279,-0.201029851,-0.386086707,-0.257905873
0.02993229,-0.401160809,-0.202078477,-0.386086707,-0.257905873
0.02883795,-0.405552901,-0.20417573,-0.386086707,-0.257905873
0.02883795,-0.409346071,-0.211516115,-0.395677472,-0.25959831
0.027743611,-0.409944993,-0.211516115,-0.395677472,-0.25959831
0.026649271,-0.410543914,-0.217807874,-0.405268238,-0.262983184
0.026649271,-0.411741758,-0.220953754,-0.405268238,-0.262983184
0.024460592,-0.411741758,-0.220953754,-0.405268238,-0.264675621
0.024460592,-0.419527739,-0.220953754,-0.405268238,-0.271445369
0.023366253,-0.421124863,-0.220953754,-0.414859004,-0.273137806
0.022271914,-0.424119471,-0.22200238,-0.414859004,-0.273137806
0.022271914,-0.425516955,-0.224099633,-0.414859004,-0.273137806
0.021177574,-0.425916236,-0.226196886,-0.414859004,-0.273137806
0.020083235,-0.426315517,-0.226196886,-0.424449769,-0.27652268
0.017894556,-0.426914439,-0.228294139,-0.424449769,-0.27652268
0.016800216,-0.428910844,-0.228294139,-0.424449769,-0.281599992
0.014611538,-0.432704014,-0.228294139,-0.424449769,-0.284984866
0.011328519,-0.433901858,-0.228294139,-0.424449769,-0.286677303
0.011328519,-0.43490006,-0.230391392,-0.424449769,-0.286677303
0.011328519,-0.435299342,-0.230391392,-0.424449769,-0.290062177
0.01023418,-0.439491793,-0.232488645,-0.424449769,-0.291754614
0.01023418,-0.443085323,-0.233537271,-0.424449769,-0.295139488
0.01023418,-0.44568065,-0.234585898,-0.424449769,-0.295139488
0.01023418,-0.447078133,-0.234585898,-0.434040535,-0.301909237
0.00913984,-0.447078133,-0.235634524,-0.434040535,-0.310371422
0.006951162,-0.448076336,-0.235634524,-0.434040535,-0.313756296
0.005856822,-0.448076336,-0.23982903,-0.434040535,-0.313756296
0.004762483,-0.449074539,-0.241926283,-0.434040535,-0.315448733
0.003668143,-0.450671663,-0.24297491,-0.443631301,-0.315448733
0.003668143,-0.451470225,-0.245072163,-0.443631301,-0.31714117
0.001479464,-0.451669866,-0.251363922,-0.443631301,-0.31714117
0.000385125,-0.451869506,-0.252412548,-0.443631301,-0.318833607
0.000385125,-0.452468428,-0.254509801,-0.443631301,-0.320526044
-0.000709214,-0.45306735,-0.256607054,-0.443631301,-0.327295793
-0.003992233,-0.457259801,-0.256607054,-0.453222066,-0.327295793
-0.005086572,-0.459056566,-0.259752933,-0.453222066,-0.32898823
-0.006180912,-0.459855128,-0.26080156,-0.453222066,-0.332373104
-0.00836959,-0.459855128,-0.261850186,-0.453222066,-0.332373104
-0.00946393,-0.466243625,-0.261850186,-0.453222066,-0.332373104
-0.00946393,-0.467241828,-0.263947439,-0.453222066,-0.337450415
-0.00946393,-0.467641109,-0.263947439,-0.462812832,-0.339142852
-0.010558269,-0.469038593,-0.268141945,-0.462812832,-0.339142852
-0.011652609,-0.470835358,-0.272336451,-0.462812832,-0.340835289
-0.014935627,-0.473231044,-0.273385078,-0.462812832,-0.344220164
-0.016029966,-0.473430685,-0.273385078,-0.462812832,-0.347605038
-0.016029966,-0.474029607,-0.275482331,-0.472403598,-0.349297475
-0.017124306,-0.477223855,-0.276530957,-0.472403598,-0.349297475
-0.019312985,-0.478022417,-0.276530957,-0.472403598,-0.352682349
-0.019312985,-0.479220261,-0.276530957,-0.472403598,-0.354374786
-0.020407324,-0.482015228,-0.277579583,-0.472403598,-0.359452097
-0.021501664,-0.483013431,-0.280725463,-0.481994363,-0.359452097
-0.023690343,-0.483013431,-0.281774089,-0.481994363,-0.359452097
-0.024784682,-0.485209477,-0.281774089,-0.481994363,-0.362836971
-0.024784682,-0.486008039,-0.283871342,-0.481994363,-0.362836971
-0.024784682,-0.488803007,-0.283871342,-0.481994363,-0.366221845
-0.025879021,-0.489002647,-0.287017222,-0.481994363,-0.36960672
-0.025879021,-0.492196896,-0.293308981,-0.481994363,-0.371299157
-0.025879021,-0.495391144,-0.294357607,-0.491585129,-0.372991594
-0.026973361,-0.496389347,-0.295406234,-0.491585129,-0.372991594
-0.0280677,-0.501380361,-0.29645486,-0.491585129,-0.374684031
-0.0280677,-0.501779642,-0.300649366,-0.491585129,-0.374684031
-0.02916204,-0.503576407,-0.301697992,-0.491585129,-0.378068905
-0.031350719,-0.505173531,-0.301697992,-0.491585129,-0.381453779
-0.032445058,-0.50856742,-0.302746619,-0.501175895,-0.38653109
-0.032445058,-0.511961309,-0.304843872,-0.501175895,-0.391608402
-0.033539397,-0.512959512,-0.311135631,-0.501175895,-0.396685713
-0.034633737,-0.514556636,-0.312184257,-0.501175895,-0.401763024
-0.035728076,-0.516752682,-0.312184257,-0.501175895,-0.403455461
-0.037916755,-0.517750885,-0.31742739,-0.501175895,-0.405147898
-0.039011095,-0.518549447,-0.321621895,-0.51076666,-0.405147898
-0.039011095,-0.520745493,-0.321621895,-0.51076666,-0.408532772
-0.039011095,-0.523540461,-0.325816401,-0.51076666,-0.410225209
-0.040105434,-0.526535069,-0.325816401,-0.51076666,-0.413610084
-0.042294113,-0.528731115,-0.326865028,-0.51076666,-0.416994958
-0.042294113,-0.529130396,-0.327913654,-0.51076666,-0.418687395
-0.042294113,-0.531326442,-0.330010907,-0.51076666,-0.418687395
-0.043388452,-0.532524285,-0.330010907,-0.520357426,-0.418687395
-0.044482792,-0.534520691,-0.331059534,-0.520357426,-0.420379832
-0.045577131,-0.53791458,-0.33210816,-0.529948192,-0.420379832
-0.049954489,-0.541108828,-0.333156787,-0.529948192,-0.422072269
-0.051048828,-0.543504515,-0.33525404,-0.529948192,-0.42714958
-0.054331847,-0.545900201,-0.33525404,-0.529948192,-0.428842017
-0.054331847,-0.548495528,-0.336302666,-0.529948192,-0.430534454
-0.054331847,-0.548695169,-0.337351293,-0.529948192,-0.430534454
-0.058709204,-0.550691574,-0.337351293,-0.539538957,-0.432226891
-0.059803544,-0.552488339,-0.338399919,-0.539538957,-0.435611766
-0.060897883,-0.554285104,-0.338399919,-0.539538957,-0.435611766
-0.061992223,-0.558477556,-0.339448546,-0.539538957,-0.442381514
-0.063086562,-0.559475758,-0.341545799,-0.539538957,-0.442381514
-0.063086562,-0.561871445,-0.342594425,-0.539538957,-0.444073951
-0.065275241,-0.562470366,-0.342594425,-0.539538957,-0.444073951
-0.06636958,-0.564267131,-0.342594425,-0.539538957,-0.445766388
-0.068558259,-0.565065693,-0.345740304,-0.539538957,-0.445766388
-0.068558259,-0.565664615,-0.347837557,-0.539538957,-0.447458825
-0.070746938,-0.56766102,-0.34993481,-0.549129723,-0.447458825
-0.071841277,-0.569657426,-0.352032063,-0.549129723,-0.449151262
-0.071841277,-0.570455988,-0.352032063,-0.549129723,-0.450843699
-0.072935617,-0.57125455,-0.35308069,-0.549129723,-0.45592101
-0.074029956,-0.571653831,-0.356226569,-0.558720489,-0.45592101
-0.075124296,-0.572053112,-0.357275196,-0.558720489,-0.460998322
-0.075124296,-0.572851674,-0.358323822,-0.558720489,-0.462690759
-0.076218635,-0.573650237,-0.359372449,-0.558720489,-0.464383196
-0.079501653,-0.574249158,-0.359372449,-0.558720489,-0.472845381
-0.080595993,-0.574249158,-0.361469702,-0.568311254,-0.472845381
-0.084973351,-0.575447002,-0.364615581,-0.568311254,-0.474537818
-0.084973351,-0.576245564,-0.37090734,-0.568311254,-0.474537818
-0.087162029,-0.576644845,-0.37090734,-0.568311254,-0.476230255
-0.088256369,-0.579439812,-0.375101846,-0.57790202,-0.476230255
-0.088256369,-0.581635858,-0.379296352,-0.57790202,-0.477922692
-0.089350708,-0.582035139,-0.379296352,-0.57790202,-0.483000004
-0.089350708,-0.583432623,-0.380344978,-0.57790202,-0.488077315
-0.089350708,-0.584031545,-0.385588111,-0.587492786,-0.491462189
-0.091539387,-0.584430826,-0.387685364,-0.587492786,-0.491462189
-0.092633727,-0.58582831,-0.389782616,-0.587492786,-0.491462189
-0.093728066,-0.587225793,-0.391879869,-0.587492786,-0.493154626
-0.094822405,-0.58962148,-0.392928496,-0.587492786,-0.493154626
-0.094822405,-0.590819323,-0.393977122,-0.587492786,-0.494847063
-0.094822405,-0.591018964,-0.395025749,-0.587492786,-0.4965395
-0.099199763,-0.59700818,-0.400268881,-0.587492786,-0.4965395
-0.099199763,-0.609984815,-0.404463387,-0.597083551,-0.4965395
-0.099199763,-0.609984815,-0.405512014,-0.597083551,-0.503309249
-0.099199763,-0.614975829,-0.408657893,-0.597083551,-0.505001686
-0.100294103,-0.615774391,-0.411803773,-0.597083551,-0.506694123
-0.100294103,-0.616772594,-0.411803773,-0.597083551,-0.511771434
-0.100294103,-0.617171875,-0.412852399,-0.606674317,-0.518541182
-0.101388442,-0.620366123,-0.413901025,-0.606674317,-0.518541182
-0.101388442,-0.621563967,-0.413901025,-0.606674317,-0.520233619
-0.101388442,-0.627353542,-0.414949652,-0.606674317,-0.528695805
-0.102482781,-0.628551386,-0.414949652,-0.606674317,-0.530388242
-0.102482781,-0.629749229,-0.415998278,-0.616265083,-0.530388242
-0.102482781,-0.630747431,-0.418095531,-0.616265083,-0.532080679
-0.103577121,-0.631346353,-0.421241411,-0.616265083,-0.533773116
-0.109048818,-0.633342759,-0.429630423,-0.616265083,-0.535465553
-0.110143157,-0.636736648,-0.430679049,-0.625855848,-0.535465553
-0.112331836,-0.636936288,-0.436970808,-0.625855848,-0.53715799
-0.114520515,-0.637335569,-0.439068061,-0.625855848,-0.538850427
-0.115614855,-0.63753521,-0.439068061,-0.625855848,-0.542235301
-0.116709194,-0.637934491,-0.440116687,-0.625855848,-0.545620176
-0.118897873,-0.638733053,-0.443262567,-0.625855848,-0.557467235
-0.119992212,-0.64132838,-0.443262567,-0.625855848,-0.559159672
-0.121086552,-0.642725864,-0.455846085,-0.625855848,-0.560852109
-0.121086552,-0.643125145,-0.457943337,-0.625855848,-0.562544546
-0.122180891,-0.643324786,-0.457943337,-0.635446614,-0.56592942
-0.12436957,-0.645520832,-0.461089217,-0.635446614,-0.56592942
-0.125463909,-0.647317596,-0.461089217,-0.635446614,-0.567621857
-0.128746928,-0.65250825,-0.461089217,-0.635446614,-0.569314295
-0.132029946,-0.653107172,-0.464235096,-0.64503738,-0.571006732
-0.132029946,-0.653107172,-0.465283723,-0.64503738,-0.572699169
-0.133124285,-0.655303218,-0.466332349,-0.64503738,-0.572699169
-0.134218625,-0.657499264,-0.467380976,-0.64503738,-0.574391606
-0.135312964,-0.658297826,-0.468429602,-0.64503738,-0.576084043
-0.137501643,-0.659096388,-0.473672735,-0.654628145,-0.584546228
-0.137501643,-0.663688121,-0.473672735,-0.654628145,-0.584546228
-0.138595983,-0.663887761,-0.475769988,-0.654628145,-0.584546228
-0.139690322,-0.666283448,-0.475769988,-0.654628145,-0.586238665
-0.140784661,-0.666682729,-0.478915867,-0.654628145,-0.586238665
-0.140784661,-0.669078415,-0.484158999,-0.664218911,-0.591315977
-0.141879001,-0.669278056,-0.484158999,-0.664218911,-0.591315977
-0.141879001,-0.669876978,-0.485207626,-0.664218911,-0.601470599
-0.14297334,-0.669876978,-0.486256252,-0.664218911,-0.601470599
-0.14297334,-0.676265475,-0.486256252,-0.664218911,-0.603163036
-0.14297334,-0.676465115,-0.488353505,-0.673809677,-0.608240347
-0.145162019,-0.677263678,-0.488353505,-0.673809677,-0.609932784
-0.146256359,-0.679459724,-0.490450758,-0.673809677,-0.611625221
-0.147350698,-0.679659364,-0.491499385,-0.673809677,-0.615010096
-0.148445037,-0.682454332,-0.494645264,-0.673809677,-0.615010096
-0.149539377,-0.68564858,-0.500937023,-0.683400442,-0.61839497
-0.150633716,-0.687844626,-0.503034276,-0.683400442,-0.620087407
-0.152822395,-0.688044267,-0.504082902,-0.683400442,-0.625164718
-0.153916735,-0.688643188,-0.504082902,-0.683400442,-0.631934466
-0.156105414,-0.689441751,-0.508277408,-0.692991208,-0.633626903
-0.157199753,-0.690839234,-0.512471914,-0.692991208,-0.633626903
-0.161577111,-0.691837437,-0.515617794,-0.692991208,-0.635319341
-0.16267145,-0.693434561,-0.521909553,-0.692991208,-0.635319341
-0.16267145,-0.693833843,-0.521909553,-0.702581974,-0.637011778
-0.16376579,-0.705213353,-0.525055432,-0.702581974,-0.638704215
-0.165954468,-0.708008321,-0.530298564,-0.702581974,-0.640396652
-0.165954468,-0.709605445,-0.53449307,-0.702581974,-0.643781526
-0.167048808,-0.71120257,-0.53449307,-0.702581974,-0.643781526
-0.168143147,-0.713398616,-0.540784829,-0.702581974,-0.645473963
-0.170331826,-0.713398616,-0.542882082,-0.712172739,-0.6471664
-0.171426166,-0.714396818,-0.544979335,-0.712172739,-0.6471664
-0.171426166,-0.715794302,-0.548125214,-0.712172739,-0.6471664
-0.175803523,-0.715993943,-0.55231972,-0.721763505,-0.648858837
-0.175803523,-0.716393224,-0.5554656,-0.721763505,-0.650551274
-0.176897863,-0.716992145,-0.556514226,-0.721763505,-0.652243711
-0.177992202,-0.71858927,-0.560708732,-0.721763505,-0.653936148
-0.177992202,-0.719587472,-0.561757359,-0.721763505,-0.655628585
-0.183463899,-0.724179205,-0.562805985,-0.731354271,-0.660705897
-0.184558239,-0.727573094,-0.564903238,-0.731354271,-0.662398334
-0.184558239,-0.729569499,-0.565951865,-0.740945036,-0.664090771
-0.186746918,-0.72976914,-0.567000491,-0.740945036,-0.665783208
-0.187841257,-0.731565905,-0.575389503,-0.740945036,-0.670860519
-0.188935596,-0.736157637,-0.576438129,-0.740945036,-0.670860519
-0.190029936,-0.736556918,-0.576438129,-0.750535802,-0.670860519
-0.193312954,-0.736756559,-0.579584009,-0.750535802,-0.672552956
-0.194407294,-0.742745775,-0.583778515,-0.750535802,-0.672552956
-0.194407294,-0.745740383,-0.584827141,-0.750535802,-0.674245393
-0.196595972,-0.746139664,-0.586924394,-0.750535802,-0.67593783
-0.196595972,-0.746339305,-0.590070274,-0.750535802,-0.679322704
-0.197690312,-0.750931037,-0.590070274,-0.750535802,-0.679322704
-0.198784651,-0.752328521,-0.592167527,-0.760126568,-0.681015142
-0.20097333,-0.754524567,-0.593216153,-0.760126568,-0.682707579
-0.20206767,-0.757119894,-0.593216153,-0.760126568,-0.684400016
-0.206445027,-0.757918456,-0.602653791,-0.760126568,-0.684400016
-0.210822385,-0.75931594,-0.603702418,-0.769717333,-0.684400016
-0.215199743,-0.759515581,-0.605799671,-0.769717333,-0.686092453
-0.215199743,-0.765904078,-0.605799671,-0.769717333,-0.686092453
-0.216294082,-0.769497608,-0.607896924,-0.769717333,-0.691169764
-0.217388422,-0.774887902,-0.607896924,-0.769717333,-0.692862201
-0.218482761,-0.775886105,-0.60894555,-0.769717333,-0.692862201
-0.218482761,-0.781076759,-0.60894555,-0.779308099,-0.694554638
-0.2195771,-0.7812764,-0.613140056,-0.779308099,-0.697939512
-0.22067144,-0.7812764,-0.615237309,-0.779308099,-0.703016824
-0.221765779,-0.781675681,-0.616285935,-0.779308099,-0.704709261
-0.222860119,-0.78526921,-0.617334562,-0.788898865,-0.706401698
-0.223954458,-0.785468851,-0.617334562,-0.788898865,-0.719941194
-0.223954458,-0.785868132,-0.620480441,-0.788898865,-0.719941194
-0.223954458,-0.788064178,-0.622577694,-0.788898865,-0.721633631
-0.225048798,-0.78886274,-0.633063959,-0.788898865,-0.721633631
-0.227237476,-0.789062381,-0.633063959,-0.79848963,-0.721633631
-0.229426155,-0.790459865,-0.634112586,-0.79848963,-0.726710943
-0.230520495,-0.793454473,-0.635161212,-0.79848963,-0.726710943
-0.230520495,-0.794851956,-0.637258465,-0.79848963,-0.726710943
-0.231614834,-0.795850159,-0.641452971,-0.79848963,-0.726710943
-0.231614834,-0.796449081,-0.641452971,-0.79848963,-0.735173128
-0.232709174,-0.800641532,-0.642501597,-0.808080396,-0.736865565
-0.233803513,-0.806630748,-0.64459885,-0.808080396,-0.736865565
-0.235992192,-0.807828592,-0.645647477,-0.808080396,-0.738558002
-0.237086531,-0.808826794,-0.648793356,-0.808080396,-0.738558002
-0.24036955,-0.811821402,-0.652987862,-0.808080396,-0.74532775
-0.242558228,-0.812021043,-0.655085115,-0.817671162,-0.74532775
-0.242558228,-0.813019246,-0.660328248,-0.817671162,-0.747020188
-0.249124265,-0.816413135,-0.6624255,-0.817671162,-0.752097499
-0.249124265,-0.820206305,-0.66557138,-0.817671162,-0.758867247
-0.251312944,-0.821204508,-0.666620006,-0.817671162,-0.763944558
-0.252407283,-0.824598397,-0.669765886,-0.817671162,-0.765636995
-0.253501623,-0.828790848,-0.669765886,-0.817671162,-0.765636995
-0.254595962,-0.829589411,-0.670814512,-0.817671162,-0.767329432
-0.25787898,-0.830387973,-0.675009018,-0.817671162,-0.769021869
-0.25787898,-0.830787254,-0.678154898,-0.827261927,-0.770714307
-0.25897332,-0.833582221,-0.680252151,-0.827261927,-0.770714307
-0.260067659,-0.83657683,-0.687592536,-0.827261927,-0.775791618
-0.262256338,-0.837175751,-0.688641162,-0.827261927,-0.779176492
-0.264445017,-0.841967124,-0.692835668,-0.827261927,-0.780868929
-0.264445017,-0.842166765,-0.695981548,-0.827261927,-0.780868929
-0.265539356,-0.846558857,-0.698078801,-0.827261927,-0.787638677
-0.265539356,-0.8477567,-0.698078801,-0.827261927,-0.789331114
-0.269916714,-0.84795634,-0.70122468,-0.827261927,-0.791023551
-0.271011054,-0.84795634,-0.70437056,-0.836852693,-0.7977933
-0.271011054,-0.84795634,-0.707516439,-0.836852693,-0.7977933
-0.271011054,-0.849952746,-0.711710945,-0.836852693,-0.801178174
-0.272105393,-0.850352027,-0.715905451,-0.836852693,-0.804563048
-0.273199732,-0.85135023,-0.71905133,-0.846443459,-0.807947922
-0.275388411,-0.85154987,-0.71905133,-0.846443459,-0.807947922
-0.27867143,-0.852548073,-0.728488968,-0.846443459,-0.811332796
-0.285237466,-0.852947354,-0.732683474,-0.856034224,-0.816410108
-0.285237466,-0.854344838,-0.733732101,-0.856034224,-0.824872293
-0.290709163,-0.855742322,-0.734780727,-0.856034224,-0.82656473
-0.290709163,-0.855742322,-0.735829354,-0.86562499,-0.82656473
-0.293992182,-0.856341243,-0.73687798,-0.86562499,-0.828257167
-0.295086521,-0.858537289,-0.738975233,-0.86562499,-0.828257167
-0.296180861,-0.8625301,-0.744218366,-0.86562499,-0.835026915
-0.296180861,-0.864925786,-0.763093642,-0.875215756,-0.83841179
-0.296180861,-0.869317878,-0.764142269,-0.875215756,-0.840104227
-0.298369539,-0.870515722,-0.767288148,-0.875215756,-0.843489101
-0.299463879,-0.872911408,-0.769385401,-0.875215756,-0.845181538
-0.299463879,-0.87351033,-0.774628533,-0.875215756,-0.846873975
-0.304935576,-0.877902422,-0.776725786,-0.875215756,-0.850258849
-0.306029915,-0.88089703,-0.778823039,-0.875215756,-0.851951286
-0.306029915,-0.883492357,-0.789309304,-0.884806521,-0.860413472
-0.310407273,-0.885089481,-0.789309304,-0.884806521,-0.862105909
-0.313690291,-0.885289122,-0.789309304,-0.884806521,-0.863798346
-0.314784631,-0.885488762,-0.790357931,-0.884806521,-0.868875657
-0.314784631,-0.887085887,-0.795601063,-0.884806521,-0.870568094
-0.320256328,-0.888882651,-0.796649689,-0.884806521,-0.885800028
-0.321350667,-0.891477978,-0.797698316,-0.894397287,-0.885800028
-0.322445007,-0.893274743,-0.800844195,-0.894397287,-0.889184902
-0.324633686,-0.894272946,-0.802941448,-0.894397287,-0.892569776
-0.325728025,-0.898665038,-0.805038701,-0.894397287,-0.899339524
-0.325728025,-0.899663241,-0.81447634,-0.894397287,-0.899339524
-0.329011043,-0.899663241,-0.815524966,-0.903988053,-0.899339524
-0.329011043,-0.899862881,-0.819719472,-0.903988053,-0.899339524
-0.329011043,-0.902458208,-0.820768098,-0.903988053,-0.901031961
-0.329011043,-0.904055333,-0.824962604,-0.903988053,-0.904416836
-0.329011043,-0.911042752,-0.824962604,-0.903988053,-0.909494147
-0.333388401,-0.911841314,-0.826011231,-0.913578818,-0.909494147
-0.333388401,-0.913638079,-0.828108484,-0.913578818,-0.911186584
-0.33557708,-0.915634484,-0.828108484,-0.913578818,-0.916263895
-0.337765759,-0.922022981,-0.831254363,-0.913578818,-0.92472608
-0.337765759,-0.924817949,-0.837546122,-0.923169584,-0.926418518
-0.337765759,-0.925816152,-0.844886507,-0.923169584,-0.926418518
-0.337765759,-0.926215433,-0.844886507,-0.923169584,-0.929803392
-0.339954438,-0.927013995,-0.84698376,-0.923169584,-0.934880703
-0.341048777,-0.929808962,-0.852226893,-0.923169584,-0.939958014
-0.342143117,-0.932803571,-0.852226893,-0.923169584,-0.941650451
-0.345426135,-0.935398898,-0.855372772,-0.942351115,-0.946727762
-0.346520474,-0.940988833,-0.855372772,-0.942351115,-0.955189948
-0.347614814,-0.943184879,-0.861664531,-0.942351115,-0.955189948
-0.35418085,-0.943983441,-0.862713158,-0.942351115,-0.960267259
-0.357463869,-0.944582362,-0.865859037,-0.942351115,-0.961959696
-0.358558208,-0.945979846,-0.866907663,-0.942351115,-0.968729444
-0.360746887,-0.946778408,-0.871102169,-0.942351115,-0.970421882
-0.365124245,-0.949373735,-0.871102169,-0.942351115,-0.975499193
-0.371690281,-0.952767625,-0.883685687,-0.951941881,-0.982268941
-0.372784621,-0.956960076,-0.883685687,-0.951941881,-0.982268941
-0.37387896,-0.957359357,-0.889977446,-0.951941881,-0.982268941
-0.374973299,-0.959954684,-0.893123325,-0.961532647,-0.983961378
-0.374973299,-0.963348573,-0.893123325,-0.961532647,-0.983961378
-0.377161978,-0.9659439,-0.894171952,-0.961532647,-0.985653815
-0.378256318,-0.967541025,-0.896269205,-0.961532647,-0.987346252
-0.379350657,-0.96933779,-0.896269205,-0.961532647,-0.989038689
-0.379350657,-0.969737071,-0.904658217,-0.961532647,-0.990731126
-0.380444997,-0.972532038,-0.907804096,-0.961532647,-0.994116001
-0.383728015,-0.972931319,-0.914095855,-0.961532647,-1.00596306
-0.385916694,-0.974129163,-0.916193108,-0.961532647,-1.007655497
-0.387011033,-0.975726287,-0.916193108,-0.961532647,-1.014425245
-0.387011033,-0.975925927,-0.92143624,-0.961532647,-1.01781012
-0.390294051,-0.979519457,-0.937165637,-0.971123412,-1.031349616
-0.39248273,-0.98051766,-0.945554649,-0.971123412,-1.043196676
-0.394671409,-0.980916941,-0.946603276,-0.980714178,-1.044889113
-0.394671409,-0.983911549,-0.950797782,-0.980714178,-1.044889113
-0.397954427,-0.984710111,-0.961284046,-0.980714178,-1.044889113
-0.402331785,-0.989102203,-0.962332673,-0.980714178,-1.048273987
-0.405614803,-0.990100406,-0.965478552,-0.980714178,-1.055043735
-0.405614803,-0.993494295,-0.967575805,-0.990304944,-1.060121047
-0.406709143,-0.9954907,-0.967575805,-0.990304944,-1.061813484
-0.407803482,-0.997886387,-0.970721685,-0.999895709,-1.065198358
-0.407803482,-1.005672368,-0.974916191,-0.999895709,-1.071968106
-0.407803482,-1.00647093,-0.979110696,-0.999895709,-1.07535298
-0.408897822,-1.007668774,-0.981207949,-1.009486475,-1.07535298
-0.411086501,-1.012260506,-0.986451082,-1.009486475,-1.088892477
-0.422029895,-1.014256911,-0.987499708,-1.009486475,-1.090584914
-0.425312913,-1.021443971,-0.990645588,-1.009486475,-1.092277351
-0.426407253,-1.024039298,-0.994840094,-1.009486475,-1.100739536
-0.426407253,-1.026434984,-1.008472238,-1.009486475,-1.102431973
-0.428595932,-1.028032109,-1.010569491,-1.019077241,-1.109201722
-0.429690271,-1.031425998,-1.020007129,-1.019077241,-1.117663907
-0.432973289,-1.034420606,-1.03154202,-1.019077241,-1.119356344
-0.439539326,-1.034819887,-1.0346879,-1.028668006,-1.119356344
-0.442822344,-1.042206587,-1.035736526,-1.028668006,-1.129510967
-0.443916684,-1.043604071,-1.035736526,-1.028668006,-1.134588278
-0.447199702,-1.046399039,-1.039931032,-1.038258772,-1.137973152
-0.448294041,-1.04679832,-1.045174164,-1.038258772,-1.141358026
-0.45048272,-1.047197601,-1.047271417,-1.038258772,-1.1447429
-0.452671399,-1.047397241,-1.047271417,-1.038258772,-1.146435337
-0.457048757,-1.048595084,-1.06719532,-1.047849538,-1.15658996
-0.458143096,-1.049992568,-1.071389826,-1.047849538,-1.161667271
-0.459237436,-1.05079113,-1.075584332,-1.047849538,-1.166744582
-0.461426114,-1.054783941,-1.080827465,-1.047849538,-1.171821894
-0.462520454,-1.055981785,-1.081876091,-1.047849538,-1.171821894
-0.463614793,-1.061971001,-1.087119224,-1.047849538,-1.183668953
-0.466897812,-1.062170641,-1.087119224,-1.047849538,-1.190438701
-0.466897812,-1.066163452,-1.094459609,-1.057440303,-1.190438701
-0.46908649,-1.067361295,-1.116480765,-1.057440303,-1.193823575
-0.473463848,-1.070156263,-1.125918403,-1.057440303,-1.195516013
-0.477841206,-1.070954825,-1.131161536,-1.057440303,-1.198900887
-0.478935545,-1.072551949,-1.135356041,-1.057440303,-1.203978198
-0.482218564,-1.074947636,-1.136404668,-1.067031069,-1.207363072
-0.483312903,-1.078141885,-1.136404668,-1.067031069,-1.212440383
-0.484407242,-1.078740806,-1.142696427,-1.067031069,-1.219210132
-0.484407242,-1.081535774,-1.143745053,-1.067031069,-1.224287443
-0.485501582,-1.086926068,-1.14479368,-1.067031069,-1.224287443
-0.4887846,-1.090519598,-1.146890933,-1.076621835,-1.227672317
-0.490973279,-1.097107736,-1.153182692,-1.076621835,-1.229364754
-0.492067618,-1.099104141,-1.153182692,-1.076621835,-1.232749628
-0.493161958,-1.099303782,-1.154231318,-1.076621835,-1.239519377
-0.494256297,-1.100301985,-1.160523077,-1.076621835,-1.244596688
-0.498633655,-1.101899109,-1.161571703,-1.0862126,-1.244596688
-0.498633655,-1.101899109,-1.165766209,-1.0862126,-1.25475131
-0.499727994,-1.103096952,-1.166814836,-1.0862126,-1.25475131
-0.499727994,-1.10609156,-1.167863462,-1.0862126,-1.268290807
-0.503011013,-1.111681496,-1.167863462,-1.0862126,-1.268290807
-0.505199692,-1.11327862,-1.171009342,-1.0862126,-1.269983244
-0.506294031,-1.118069993,-1.178349727,-1.0862126,-1.273368118
-0.512860068,-1.123659928,-1.182544233,-1.095803366,-1.273368118
-0.517237425,-1.12425885,-1.187787365,-1.095803366,-1.275060555
-0.518331765,-1.125456693,-1.188835992,-1.095803366,-1.293677363
-0.525992141,-1.125656333,-1.191981871,-1.095803366,-1.293677363
-0.529275159,-1.126854177,-1.191981871,-1.105394132,-1.302139548
-0.534746856,-1.128850582,-1.195127751,-1.105394132,-1.303831985
-0.536935535,-1.130647347,-1.20141951,-1.105394132,-1.312294171
-0.536935535,-1.131445909,-1.203516762,-1.105394132,-1.315679045
-0.538029874,-1.135638361,-1.212954401,-1.105394132,-1.317371482
-0.539124214,-1.135838001,-1.21924616,-1.105394132,-1.322448793
-0.543501572,-1.135838001,-1.238121436,-1.114984897,-1.327526104
-0.54678459,-1.142426139,-1.240218689,-1.114984897,-1.330910979
-0.54678459,-1.145620388,-1.241267316,-1.114984897,-1.337680727
-0.550067608,-1.145820028,-1.241267316,-1.114984897,-1.339373164
-0.553350627,-1.150611401,-1.246510448,-1.114984897,-1.346142912
-0.554444966,-1.153606009,-1.246510448,-1.114984897,-1.346142912
-0.554444966,-1.160194147,-1.249656327,-1.114984897,-1.354605098
-0.559916663,-1.163188755,-1.252802207,-1.114984897,-1.354605098
-0.564294021,-1.165983723,-1.256996713,-1.114984897,-1.354605098
-0.56538836,-1.167980128,-1.258045339,-1.124575663,-1.357989972
-0.570860057,-1.168179769,-1.265385725,-1.124575663,-1.366452157
-0.573048736,-1.169776893,-1.267482978,-1.124575663,-1.369837031
-0.575237415,-1.174168985,-1.27272611,-1.124575663,-1.371529468
-0.577426094,-1.176365031,-1.297893145,-1.124575663,-1.374914343
-0.577426094,-1.176963953,-1.298941772,-1.134166429,-1.37660678
-0.578520433,-1.18694598,-1.298941772,-1.134166429,-1.379991654
-0.586180809,-1.187544901,-1.302087651,-1.134166429,-1.379991654
-0.586180809,-1.188543104,-1.303136278,-1.134166429,-1.388453839
-0.586180809,-1.189740947,-1.30837941,-1.134166429,-1.390146276
-0.587275149,-1.189740947,-1.314671169,-1.134166429,-1.391838713
-0.591652507,-1.189740947,-1.318865675,-1.134166429,-1.403685773
-0.593841185,-1.191338072,-1.322011554,-1.134166429,-1.408763084
-0.598218543,-1.194133039,-1.333546446,-1.143757194,-1.412147958
-0.600407222,-1.197926209,-1.346129963,-1.143757194,-1.413840395
-0.601501561,-1.19812585,-1.355567602,-1.143757194,-1.415532832
-0.601501561,-1.20191902,-1.357664855,-1.143757194,-1.422302581
-0.601501561,-1.211501766,-1.360810734,-1.143757194,-1.432457203
-0.605878919,-1.213498172,-1.380734637,-1.143757194,-1.444304263
-0.610256277,-1.213897453,-1.381783264,-1.15334796,-1.451074011
-0.613539295,-1.217690623,-1.385977769,-1.162938726,-1.451074011
-0.615727974,-1.219687028,-1.387026396,-1.162938726,-1.452766448
-0.621199671,-1.221084512,-1.397512661,-1.162938726,-1.454458885
-0.628860047,-1.226275166,-1.412193431,-1.162938726,-1.456151322
-0.632143065,-1.233262585,-1.414290684,-1.162938726,-1.461228633
-0.658407212,-1.233861507,-1.415339311,-1.162938726,-1.461228633
-0.660595891,-1.235658272,-1.441554973,-1.162938726,-1.462921071
-0.66169023,-1.236656474,-1.447846732,-1.172529491,-1.466305945
-0.664973248,-1.238053958,-1.453089864,-1.172529491,-1.476460567
-0.669350606,-1.240050364,-1.45728437,-1.172529491,-1.476460567
-0.669350606,-1.240250004,-1.458332996,-1.172529491,-1.483230315
-0.671539285,-1.243643893,-1.463576129,-1.172529491,-1.48661519
-0.672633624,-1.244442456,-1.478256899,-1.172529491,-1.48661519
-0.672633624,-1.246438861,-1.479305526,-1.182120257,-1.490000064
-0.679199661,-1.248035985,-1.480354152,-1.182120257,-1.491692501
-0.680294,-1.252428077,-1.484548658,-1.182120257,-1.496769812
-0.683577019,-1.255023404,-1.491889044,-1.182120257,-1.501847123
-0.689048716,-1.259215856,-1.493986297,-1.182120257,-1.510309309
-0.691237395,-1.262010823,-1.505521188,-1.182120257,-1.527233679
-0.694520413,-1.262609745,-1.519153332,-1.191711023,-1.532310991
-0.726256256,-1.263607948,-1.520201958,-1.191711023,-1.534003428
-0.727350596,-1.264007229,-1.527542344,-1.201301788,-1.535695865
-0.735010972,-1.267001837,-1.52859097,-1.201301788,-1.537388302
-0.7579921,-1.268000039,-1.530688223,-1.201301788,-1.539080739
-0.7579921,-1.272591772,-1.533834103,-1.201301788,-1.54415805
-0.766746815,-1.274987458,-1.536979982,-1.201301788,-1.545850487
-0.766746815,-1.278580988,-1.538028609,-1.210892554,-1.55600511
-0.775501531,-1.280377753,-1.548514873,-1.210892554,-1.566159732
-0.77769021,-1.282174518,-1.568438776,-1.210892554,-1.566159732
-0.794105301,-1.29415295,-1.570536029,-1.210892554,-1.583084103
-0.801765677,-1.294951513,-1.573681909,-1.210892554,-1.58477654
-0.805048695,-1.295949715,-1.584168174,-1.210892554,-1.589853851
-0.813803411,-1.29774648,-1.5852168,-1.210892554,-1.611855533
-0.826935484,-1.30493354,-1.586265427,-1.210892554,-1.618625281
-0.832407181,-1.306530664,-1.598848944,-1.210892554,-1.632164778
-0.832407181,-1.309525272,-1.601994824,-1.210892554,-1.632164778
-0.841161897,-1.321104423,-1.604092077,-1.210892554,-1.637242089
-0.847727933,-1.322701548,-1.609335209,-1.210892554,-1.652474023
-0.849916612,-1.323899391,-1.609335209,-1.210892554,-1.65416646
-0.856482649,-1.324498313,-1.629259112,-1.210892554,-1.659243771
-0.859765667,-1.32729328,-1.642891256,-1.210892554,-1.667705957
-0.860860006,-1.328091842,-1.654426147,-1.210892554,-1.669398394
-0.864143025,-1.329688967,-1.661766533,-1.210892554,-1.679553016
-0.901350565,-1.340070275,-1.663863786,-1.210892554,-1.68293789
-0.906822262,-1.340269915,-1.665961039,-1.210892554,-1.684630327
-0.912293959,-1.347057694,-1.67749593,-1.210892554,-1.691400076
-0.916671317,-1.347856256,-1.683787689,-1.210892554,-1.704939572
-0.953878858,-1.351449786,-1.69846846,-1.210892554,-1.716786632
-0.959350555,-1.355043315,-1.69846846,-1.210892554,-1.718479069
-0.974671307,-1.356241159,-1.71314923,-1.210892554,-1.726941254
-0.984520362,-1.35684008,-1.733073133,-1.210892554,-1.728633691
-0.98780338,-1.357039721,-1.738316266,-1.210892554,-1.73540344
-0.998746774,-1.36023397,-1.746705277,-1.210892554,-1.737095877
-1.004218472,-1.363428218,-1.764531928,-1.210892554,-1.75232781
-1.009690169,-1.363428218,-1.773969566,-1.210892554,-1.755712685
-1.011878848,-1.369018153,-1.801233854,-1.210892554,-1.757405122
-1.022822242,-1.370615278,-1.813817372,-1.210892554,-1.757405122
-1.038142994,-1.381595507,-1.818011878,-1.210892554,-1.762482433
-1.057841104,-1.390579332,-1.842130287,-1.210892554,-1.772637055
-1.136633543,-1.394572143,-1.878832214,-1.210892554,-1.77602193
-1.143199579,-1.395370705,-1.87988084,-1.210892554,-1.781099241
-1.169463725,-1.39736711,-1.880929466,-1.210892554,-1.791253863
-1.209954284,-1.399163875,-1.881978093,-1.210892554,-1.809870671
-1.297501439,-1.399363516,-1.908193755,-1.210892554,-1.825102605
-1.298595778,-1.401958843,-1.922874526,-1.210892554,-1.840334538
-1.339086337,-1.414536197,-1.922874526,-1.210892554,-1.853874035
-1.340180677,-1.428111754,-1.937555296,-1.210892554,-1.882645465
-1.42882217,-1.4303078,-1.940701176,-1.210892554,-1.899569836
-1.689274955,-1.437095578,-1.95118744,-1.210892554,-1.908032021
-1.822784365,-1.439491264,-1.956430573,-1.210892554,-1.933418578
-1.951916418,-1.444881559,-1.991035247,-1.210892554,-1.948650511
-1.992406977,-1.446079402,-2.041369317,-1.210892554,-1.953727822
-2.118256011,-1.461451724,-2.078071244,-1.210892554,-1.95542026
-2.125916387,-1.471234111,-2.111627291,-1.210892554,-1.957112697
-2.436708785,-1.472631594,-2.233267963,-1.210892554,-1.960497571
-2.444369161,-1.473430156,-2.246900107,-1.210892554,-1.970652193
-2.538482352,-1.483012902,-2.586655085,-1.210892554,-1.997731186
-7.925915365,-1.483811465,-3.44233429,-1.210892554,-2.055274047
-7.925915365,-1.484011105,-3.44233429,-1.210892554,-2.055274047
-7.925915365,-1.517750357,-3.44233429,-1.210892554,-2.055274047
-7.925915365,-1.520744965,-3.44233429,-1.210892554,-2.055274047
-7.925915365,-1.531924835,-3.44233429,-1.210892554,-2.055274047
-7.925915365,-1.535518365,-3.44233429,-1.210892554,-2.055274047
-7.925915365,-1.536915849,-3.44233429,-1.210892554,-2.055274047
-7.925915365,-1.542106503,-3.44233429,-1.210892554,-2.055274047
-7.925915365,-1.542905065,-3.44233429,-1.210892554,-2.055274047
-7.925915365,-1.54490147,-3.44233429,-1.210892554,-2.055274047
-7.925915365,-1.545700032,-3.44233429,-1.210892554,-2.055274047
-7.925915365,-1.549093922,-3.44233429,-1.210892554,-2.055274047
-7.925915365,-1.554084935,-3.44233429,-1.210892554,-2.055274047
-7.925915365,-1.555083138,-3.44233429,-1.210892554,-2.055274047
-7.925915365,-1.55947523,-3.44233429,-1.210892554,-2.055274047
0.507064281,0.846392934,0.84340212,0.774395939,0.906490835
0.224724708,0.051424298,0.175427054,-0.00245608,0.148279026
0.492837868,0.754957566,0.787824917,0.70726058,0.835408478
0.126234159,-0.177763043,-0.04059,-0.203862159,-0.042966364
-0.325728025,-0.899663241,-0.81447634,-0.894397287,-0.899339524
-1.038142994,-1.381595507,-1.818011878,-1.210892554,-1.762482433
0.558498234,1.036450729,0.999647465,0.99498355,1.04865555
0.771894423,1.780511027,1.593170051,1.752654037,1.715475758
0.814573661,1.902890679,1.682303302,1.781426334,1.779788366
-0.390294051,-0.979519457,-0.937165637,-0.971123412,-1.031349616
1.164762278,3.976357341,3.002524036,4.562748378,2.763094307
-0.984520362,-1.35684008,-1.733073133,-1.210892554,-1.728633691
-0.347614814,-0.943184879,-0.861664531,-0.942351115,-0.955189948
-0.072935617,-0.57125455,-0.35308069,-0.549129723,-0.45592101
-0.139690322,-0.666283448,-0.475769988,-0.654628145,-0.586238665
-0.161577111,-0.691837437,-0.515617794,-0.692991208,-0.635319341
-0.459237436,-1.05079113,-1.075584332,-1.047849538,-1.166744582
-0.074029956,-0.571653831,-0.356226569,-0.558720489,-0.45592101
0.62306426,1.224312479,1.198886496,1.225161926,1.18743539
0.349479403,0.384824002,0.44177818,0.294857656,0.425838706
0.398724677,0.498818751,0.562370224,0.390765313,0.53923199
-0.042294113,-0.529130396,-0.327913654,-0.51076666,-0.418687395
-0.378256318,-0.967541025,-0.896269205,-0.961532647,-0.987346252
0.076988885,-0.308926879,-0.107702094,-0.29017905,-0.1495899
0.641668031,1.251862873,1.218810399,1.301888051,1.21620682
-0.912293959,-1.347057694,-1.67749593,-1.210892554,-1.691400076
0.782837817,1.887717998,1.641406869,1.762244803,1.759479122
0.384498265,0.463881657,0.521473792,0.35240225,0.493536189
1.070649087,3.232895965,2.340840729,3.258404247,2.556616984
0.20174358,0.005506974,0.135579248,-0.050409908,0.107660536
0.885705724,2.164020507,1.849034911,2.174647727,2.009959809
-0.766746815,-1.278580988,-1.538028609,-1.210892554,-1.55600511
-0.171426166,-0.715794302,-0.548125214,-0.712172739,-0.6471664
0.913064209,2.303768886,1.915098379,2.318509212,2.111506033
1.06517739,2.931239107,2.267436876,3.133724293,2.52446068
0.697479342,1.38721916,1.377152997,1.50329413,1.466687507
0.695290663,1.373643604,1.372958491,1.493703364,1.449763137
0.473139759,0.717425144,0.719664196,0.64012522,0.764326121
0.402007696,0.504807968,0.568661983,0.400356078,0.542616864
-0.39248273,-0.98051766,-0.945554649,-0.971123412,-1.043196676
0.137177554,-0.168579578,-0.024860603,-0.194271393,-0.031119305
0.276158661,0.204149312,0.286581461,0.122223874,0.292136177
0.043064363,-0.378601428,-0.181105948,-0.376495941,-0.232519317
0.310083184,0.27701811,0.341110038,0.179768468,0.361526097
-0.345426135,-0.935398898,-0.855372772,-0.942351115,-0.946727762
0.685441608,1.366256904,1.334159311,1.474521833,1.417606832
0.050724739,-0.367421557,-0.166425177,-0.35731441,-0.20713276
1.120988701,3.876137789,2.770777585,4.31338847,2.737707751
0.776271781,1.827626195,1.61728846,1.762244803,1.739169877
0.598988793,1.167414924,1.118142257,1.1484358,1.155279086
0.588045399,1.135272797,1.087732089,1.081300441,1.116353033
-0.099199763,-0.609984815,-0.404463387,-0.597083551,-0.4965395
0.701856699,1.388017723,1.384493382,1.50329413,1.473457256
0.759856689,1.7114354,1.568003016,1.72388174,1.693474076
-0.383728015,-0.972931319,-0.914095855,-0.961532647,-1.00596306
0.514724657,0.859369569,0.862277397,0.803168236,0.916645458
-0.406709143,-0.9954907,-0.967575805,-0.990304944,-1.061813484
0.936045337,2.447110794,1.979064595,2.625413713,2.180895953
0.731403864,1.53834705,1.470480753,1.580020255,1.556386672
-0.271011054,-0.84795634,-0.70437056,-0.836852693,-0.7977933
-0.859765667,-1.32729328,-1.642891256,-1.210892554,-1.667705957
-0.017124306,-0.477223855,-0.276530957,-0.472403598,-0.349297475
0.898837797,2.275220288,1.860569803,2.251373852,2.065810232
0.73906424,1.609019802,1.504036801,1.666337146,1.642700963
-0.254595962,-0.829589411,-0.670814512,-0.817671162,-0.767329432
-1.022822242,-1.370615278,-1.813817372,-1.210892554,-1.757405122
0.723743488,1.507203126,1.455799983,1.560838724,1.536077428
0.569441628,1.052421973,1.029009007,1.004574315,1.057117735
0.322120917,0.302572099,0.376763338,0.227722296,0.385220216
0.447969952,0.632378274,0.648357596,0.544217563,0.679704267
-0.044482792,-0.534520691,-0.331059534,-0.520357426,-0.420379832
0.866007614,2.077176871,1.778776938,2.040377007,1.959186696
-0.346520474,-0.940988833,-0.855372772,-0.942351115,-0.955189948
0.207215277,0.02267606,0.148162766,-0.040819142,0.121200032
0.537705785,0.937628661,0.926243612,0.879894362,0.99619
0.39434732,0.493228816,0.549786707,0.371583781,0.525692493
0.405290714,0.518583165,0.582294127,0.41953761,0.552771487
0.363705816,0.422356424,0.482674612,0.323629953,0.463072322
0.782837817,1.885721592,1.629871978,1.762244803,1.744247188
-0.543501572,-1.135838001,-1.238121436,-1.114984897,-1.327526104
1.030158528,2.901692307,2.13216406,2.980272043,2.394143025